应用代码,应用名称,应用类型,公司名称,app大小,版本号,更新时间,评分,下载人数,应用介绍,图标,下载地址,爬取时间
C100646963,我的访客,社交通讯,武汉九言科技发展有限公司,6.29MB,2.1,2019-07-29,score_9,6万次,我的访客，是一个查看访客的社交数据分析管理工具，主要功能是记录和分析用户动态的被访问数据，分析出用户哪条动态最受欢迎以及谁最关注你；以及动态被点赞、被分享和被转发的次数。,https://appimg.dbankcdn.com/hwmarket/files/application/icon144/22c01e2fa3c94d00b72e886b3f2a9380.png,http://appdlc.hicloud.com/dl/appdl/application/apk/22/22c01e2fa3c94d00b72e886b3f2a9380/io.dcloud.H57DCE846.1907271717.apk?sign=portal@portal1564386580831&source=portalsite,2019-07-29
C100884027,夸克链信,社交通讯,重庆仓舟网络科技有限公司,17.63MB,1.0.0,2019-07-29,score_0,<10000次,《夸克链信》是新一代移动互联网社交工具。你可以通过在链信分享自拍和美食美景，快速获得海量陌生人的关注，并能随时同粉丝互动。在夸克链信，毫无经验的移动互联网新人用户也可以很轻松方便的获得大量粉丝的关注与点赞。,https://appimg.dbankcdn.com/hwmarket/files/application/icon144/068aeca6b2004f6bae17af9fe547dcff.png,http://appdlc.hicloud.com/dl/appdl/application/apk/06/068aeca6b2004f6bae17af9fe547dcff/cn.kuakelianxin.1907231641.apk?sign=portal@portal1564386581349&source=portalsite,2019-07-29
C100391919,智堡,新闻阅读,上海绎由信息科技有限公司,23.09MB,1.6.0,2019-07-29,score_10,<10000次,智堡Wisburg，一款严肃、透彻地对待宏观经济学的APP。,https://appimg.dbankcdn.com/hwmarket/files/application/icon144/1437b048f6b548ad8a7f5cd3e5217baa.png,http://appdlc.hicloud.com/dl/appdl/application/apk/14/1437b048f6b548ad8a7f5cd3e5217baa/com.wisburg.finance.app.1907282136.apk?sign=portal@portal1564386582520&source=portalsite,2019-07-29
C10525499,农财,商务,深圳市芭田生态工程股份有限公司,38.89MB,2.0.2,2019-07-29,score_8,<10000次,农业产业、农业种植提供一站式解决方案，定制化种植标准、专家团队服务，为农户提供测土测叶、田间管理等服务。通过定制化物联网服务于广大种植大户、散户以及农业产业投资者，让人人成为高品质的食物链营养专家~~,https://appimg.dbankcdn.com/hwmarket/files/application/icon144/afd61b4a99874a399103d8ca1cf90fa1.png,http://appdlc.hicloud.com/dl/appdl/application/apk/af/afd61b4a99874a399103d8ca1cf90fa1/com.batian.bigdb.nongcaibao.1907271038.apk?sign=portal@portal1564386583666&source=portalsite,2019-07-29
C10212948,最右,社交通讯,北京小川在线网络技术有限公司,41.06MB,4.10.6,2019-07-29,score_10,1亿次,最右，一个看搞笑短视频的社区,https://appimg.dbankcdn.com/hwmarket/files/application/icon144/f70a2248181f405780658a581ae01fb8.png,http://appdlc.hicloud.com/dl/appdl/application/apk/f7/f70a2248181f405780658a581ae01fb8/cn.xiaochuankeji.tieba.1907261815.apk?sign=portal@portal1564386584230&source=portalsite,2019-07-29
C100690361,法掌柜,便捷生活,法掌柜（广州）网络科技有限公司,19.08MB,1.0,2019-07-29,score_0,<10000次,法掌柜是一款集法律全库免费查询+电商式法律服务于一体的新型互联网平台，您在这个平台上不仅可以轻松、快捷、精准、全面、免费查询到各类法律法规，还可以享受到平价+公益式的精准法律服务，而且所有的法律服务均细化细分并明码标价，所有的法律服务均由平台全程跟进，所有的律师均由平台和知名律师事务所双重精选、且双重监督、双重管理，杜绝律师糊弄，让您明白消费，确保您在平台可以得到“又平又靓”、“既专业又有保障”的全新服务。,https://appimg.dbankcdn.com/hwmarket/files/application/icon144/084b532c87944eb195fc64369619957e.png,http://appdlc.hicloud.com/dl/appdl/application/apk/08/084b532c87944eb195fc64369619957e/com.jm.fazhanggui.1907241106.apk?sign=portal@portal1564386584792&source=portalsite,2019-07-29
C10213121,八闽生活,便捷生活,福建福诺移动通信技术有限公司,50.87MB,6.3.0,2019-07-29,score_4,1183万次,八闽生活——福建移动官方服务客户端，为客户提供福建本地优质“通信+生活”服务：,https://appimg.dbankcdn.com/hwmarket/files/application/icon144/663a9dd6cb6642df9bffe5d637d322e8.png,http://appdlc.hicloud.com/dl/appdl/application/apk/66/663a9dd6cb6642df9bffe5d637d322e8/qzyd.speed.nethelper.1907290915.apk?sign=portal@portal1564386585379&source=portalsite,2019-07-29
C100946279,伢儿司机,出行导航,杭州奇驿科技有限公司,54.58MB,1.0.8,2019-07-29,score_0,<10000次,省时省心的一对一孩童上下学专车接送服务，帮助没有时间或时间冲突的爸妈提供接送孩子上下学服务，解决了孩子们自身上下学的出行困难。伢儿座驾“摈弃孩童传统出行要求，推动以互联网创新思维+孩童出行新模式”的核心价值体现，为广大家长、孩子、学校、培训教育带来安全、高效出行接送新方式，与众多孩子实现共成长。,https://appimg.dbankcdn.com/hwmarket/files/application/icon144/67a8da8eee4a4d37ab529cab7ecee958.png,http://appdlc.hicloud.com/dl/appdl/application/apk/67/67a8da8eee4a4d37ab529cab7ecee958/com.qiyi.nephewdriver.1907251246.apk?sign=portal@portal1564386585938&source=portalsite,2019-07-29
C100075759,开会宝,商务,北京明道星澜科技发展有限公司,32.30MB,3.1.6,2019-07-29,score_10,12万次,【获得荣誉】,https://appimg.dbankcdn.com/hwmarket/files/application/icon144/ae62a98d46f446da819f479929bd7d1c.png,http://appdlc.hicloud.com/dl/appdl/application/apk/ae/ae62a98d46f446da819f479929bd7d1c/com.kaihuibao.khb.1907270644.apk?sign=portal@portal1564386587068&source=portalsite,2019-07-29
C100872823,南商普惠宝,金融理财,南洋商业银行（中国）有限公司,21.14MB,V1.0.2,2019-07-29,score_0,<10000次,南商普惠宝---支小助农在线融资平台是围绕行业或区域的核心/中心企业，专为农户、个体工商户、小型微型企业或其个人股东研发的在线融资服务平台，为客户提供账户管理、融资管理、档案管理、合同管理等在线一站式金融解决方案。,https://appimg.dbankcdn.com/hwmarket/files/application/icon144/205426826b3441698c75b11a68267e9c.png,http://appdlc.hicloud.com/dl/appdl/application/apk/20/205426826b3441698c75b11a68267e9c/com.zhir.ncb.1907271727.apk?sign=portal@portal1564386587652&source=portalsite,2019-07-29
C100825307,七天网络,教育,安徽七天教育科技有限公司,7.24MB,1.4.3,2019-07-29,score_5,16万次,“七天网络”是一款教师必备教学工具，支持移动阅卷、考试数据统计分析查看。,https://appimg.dbankcdn.com/hwmarket/files/application/icon144/6859d83719614bf1948c333097084a25.png,http://appdlc.hicloud.com/dl/appdl/application/apk/68/6859d83719614bf1948c333097084a25/com.sepnet.teacher.1907241655.apk?sign=portal@portal1564386588276&source=portalsite,2019-07-29
C100635749,奇迹小说,新闻阅读,上海证大喜马拉雅网络科技有限公司,15.00MB,2.1.29.06,2019-07-29,score_7,30万次,奇迹小说是一款正版免费小说阅读软件，致力于为您【免费】呈现：多品类原创小说、超高人气大神级小说、火爆话题小说、影视原著等10万余册的文学内容！分享好故事，免费读不停！,https://appimg.dbankcdn.com/hwmarket/files/application/icon144/03e923021f404156a83b30b50804e566.png,http://appdlc.hicloud.com/dl/appdl/application/apk/03/03e923021f404156a83b30b50804e566/reader.com.xmly.xmlyreader.1907291103.apk?sign=portal@portal1564386588835&source=portalsite,2019-07-29
C100790323,惠笑,购物比价,上海惠之韵商务服务有限公司,24.86MB,2.0.1,2019-07-29,score_10,110万次,本地商圈活动多多，线下团购优惠多多；,https://appimg.dbankcdn.com/hwmarket/files/application/icon144/acdcd1888b67440aa0f4dcbf7718c1dc.png,http://appdlc.hicloud.com/dl/appdl/application/apk/ac/acdcd1888b67440aa0f4dcbf7718c1dc/com.ylzt.baihui.1907262043.apk?sign=portal@portal1564386589425&source=portalsite,2019-07-29
C100202105,闪职网,商务,四川益思源网络信息有限公司,8.18MB,2.3.0,2019-07-29,score_10,<10000次,专注人才招聘，旨为提供更专业的人才服务。求职更快，机会更多，流程更短。一款有态度的，效率高的工作APP，用简单的方式，只为找到适合您的工作。一款完全免费，智能推荐优秀人才的APP，用更直接的方式，为企业甄选合适的人才。,https://appimg.dbankcdn.com/hwmarket/files/application/icon144/38464f7706ea4ca5ad05e73387149bfd.png,http://appdlc.hicloud.com/dl/appdl/application/apk/38/38464f7706ea4ca5ad05e73387149bfd/com.scys.shuzhihui.1907271020.apk?sign=portal@portal1564386589968&source=portalsite,2019-07-29
C100928135,音悦咖,社交通讯,湖北羽珂信息科技有限公司,49.78MB,V1.03.4970.300300,2019-07-29,score_0,<10000次,热门聊天pia戏社区，这里有超多好听又好玩的声音等你来探索，你也可以和大家一起分享独特的声音。在音悦咖，用声音，认识你我。,https://appimg.dbankcdn.com/hwmarket/files/application/icon144/102b91d63d8d4871a991bd1580bc37d6.png,http://appdlc.hicloud.com/dl/appdl/application/apk/10/102b91d63d8d4871a991bd1580bc37d6/cn.quanquan.1907271945.apk?sign=portal@portal1564386590559&source=portalsite,2019-07-29
C100846713,家具大师,购物比价,广东家具大师网络科技有限公司,44.55MB,1.1.5,2019-07-29,score_0,<10000次,ODM直连全球300+家具制造商。万款产品、八大风格、品类齐全。全新自选式套餐组合，专业软装设计师提供软装搭配方案。全屋、客厅、餐厅、主卧、次卧等优惠组合套餐。致力打造全新的互联网家居S2B共享平台，欢迎您来选购。,https://appimg.dbankcdn.com/hwmarket/files/application/icon144/1762545e5c8f4f7c86acfb8b4e5fa361.png,http://appdlc.hicloud.com/dl/appdl/application/apk/17/1762545e5c8f4f7c86acfb8b4e5fa361/com.jiajudashi.1907231434.apk?sign=portal@portal1564386591099&source=portalsite,2019-07-29
C100814489,房拉拉,便捷生活,厦门通证智慧网络科技有限公司,39.06MB,1.1.5,2019-07-29,score_0,<10000次,转发真房源，红包赚翻天！推荐真实好房源，邀请好友一起玩，更有大红包现金奖励。,https://appimg.dbankcdn.com/hwmarket/files/application/icon144/1e37bf63f5b04d63a309d6672506e2b7.png,http://appdlc.hicloud.com/dl/appdl/application/apk/1e/1e37bf63f5b04d63a309d6672506e2b7/com.example.fanglala.1907291010.apk?sign=portal@portal1564386598181&source=portalsite,2019-07-29
C100402875,拇信,社交通讯,湖南拇时代科技有限公司,141.61MB,2.0.1.8,2019-07-29,score_8,7万次,拇信，一款“社交+生活”的即时通讯APP。拥有语音文字同频传送、聊天加密、阅后即焚等社交功能，帮助用户解决线上社交困扰；还有联盟商家、免费拇商城等生活版块，打造用户多维度的全新消费生态圈。,https://appimg.dbankcdn.com/hwmarket/files/application/icon144/aa73e30776074aa09857a787a04e53d8.png,http://appdlc.hicloud.com/dl/appdl/application/apk/aa/aa73e30776074aa09857a787a04e53d8/com.immuxin.muxin.1907281346.apk?sign=portal@portal1564386598785&source=portalsite,2019-07-29
C100196001,三人喜,购物比价,福建陆地宝网络科技有限公司,9.52MB,1.6.1,2019-07-29,score_10,<10000次,三人喜是一家创新云超市，商品共享，店主分销。严选10年以上名企商品入驻。确保货真价实，由工厂直供直邮到消费者，让每一位消费者买到值得放心商品。每日购惊喜活动，有机会免费得商品。,https://appimg.dbankcdn.com/hwmarket/files/application/icon144/5fa134b2eada4e6bb9c026264357a5b7.png,http://appdlc.hicloud.com/dl/appdl/application/apk/5f/5fa134b2eada4e6bb9c026264357a5b7/com.shop.sanrenxi.1907270940.apk?sign=portal@portal1564386599969&source=portalsite,2019-07-29
C100228859,券返利,购物比价,深圳市唯聚宝电子商务有限公司,24.27MB,3.4.0,2019-07-29,score_10,<10000次,网购前搜一搜，万一有券呢，万一是大额优惠券呢，会花钱，才是真省钱。,https://appimg.dbankcdn.com/hwmarket/files/application/icon144/5ae747045c9f486eb92a51cdd1f0354d.png,http://appdlc.hicloud.com/dl/appdl/application/apk/5a/5ae747045c9f486eb92a51cdd1f0354d/com.quanfanliw.1907271305.apk?sign=portal@portal1564386600571&source=portalsite,2019-07-29
C100223717,全优货,购物比价,邢台非试不可网络科技有限公司,13.96MB,3.0.8,2019-07-29,score_0,<10000次,全优货，简单做微商，轻松月入万。,https://appimg.dbankcdn.com/hwmarket/files/application/icon144/9540a5d0921942a89234720c120c5448.png,http://appdlc.hicloud.com/dl/appdl/application/apk/95/9540a5d0921942a89234720c120c5448/com.c020huoyuan.supply.1907271235.apk?sign=portal@portal1564386601806&source=portalsite,2019-07-29
C100825693,吉时婚恋,社交通讯,杭州莱翔科技有限公司,9.92MB,1.0.0,2019-07-29,score_0,<10000次,吉时婚恋，优质真实用户，单身男女脱单的选择,https://appimg.dbankcdn.com/hwmarket/files/application/icon144/1031213283e145c19cb6552260b9d2c7.png,http://appdlc.hicloud.com/dl/appdl/application/apk/10/1031213283e145c19cb6552260b9d2c7/com.project.jshl.1907232009.apk?sign=portal@portal1564386603160&source=portalsite,2019-07-29
C10092701,中国建设银行,金融理财,中国建设银行股份有限公司,141.13MB,4.2.0,2019-07-29,score_4,13亿次,建设银行专为手机银行客户打造的移动金融服务平台,https://appimg.dbankcdn.com/hwmarket/files/application/icon144/3c85f80e79a4411e961c524d7ef54ad4.png,http://appdlc.hicloud.com/dl/appdl/application/apk/3c/3c85f80e79a4411e961c524d7ef54ad4/com.chinamworld.main.1907291444.apk?sign=portal@portal1564386604364&source=portalsite,2019-07-29
C100498087,米粒优团,购物比价,四川龙熙科技有限公司,35.04MB,3.2.5,2019-07-29,score_8,5万次,米粒优选，带你买遍好货！一站式服务，让你轻松购物！,https://appimg.dbankcdn.com/hwmarket/files/application/icon144/07c08a8e87834408ac1fdb2c00b121c4.png,http://appdlc.hicloud.com/dl/appdl/application/apk/07/07c08a8e87834408ac1fdb2c00b121c4/com.sclonsee.miliyoutuan.1907291205.apk?sign=portal@portal1564386604857&source=portalsite,2019-07-29
C93533,猎聘,商务,英仕互联(北京)信息技术有限公司,33.71MB,4.10.0,2019-07-29,score_8,6976万次,【猎聘官方出品】用猎聘，换更好的工作！智能推荐，更多机会任你选！,https://appimg.dbankcdn.com/hwmarket/files/application/icon144/1214c4fb4bdd40139ef22a1866658bf3.png,http://appdlc.hicloud.com/dl/appdl/application/apk/12/1214c4fb4bdd40139ef22a1866658bf3/com.lietou.mishu.1907291430.apk?sign=portal@portal1564386607143&source=portalsite,2019-07-29
C100258215,求雨山,旅游住宿,南京求雨山文化产业投资集团有限公司,6.26MB,1.1,2019-07-29,score_0,<10000次,求雨山中华书法小镇（The,https://appimg.dbankcdn.com/hwmarket/files/application/icon144/a5ff43a200a346de925e735de12a2631.png,http://appdlc.hicloud.com/dl/appdl/application/apk/a5/a5ff43a200a346de925e735de12a2631/calligraphy.sanl.com.calligraphyxz.1907271605.apk?sign=portal@portal1564386607668&source=portalsite,2019-07-29
C100251235,情说专家版,社交通讯,杭州领势科技有限公司,19.20MB,1.3.7.190726,2019-07-29,score_0,<10000次,【认证专家,https://appimg.dbankcdn.com/hwmarket/files/application/icon144/fa98c14e12da4150b4115b932809471c.png,http://appdlc.hicloud.com/dl/appdl/application/apk/fa/fa98c14e12da4150b4115b932809471c/com.lingshi.qingshuomentor.1907271525.apk?sign=portal@portal1564386608761&source=portalsite,2019-07-29
C100143669,法行者,社交通讯,北京法行者科技有限公司,11.73MB,1.0.11,2019-07-29,score_10,1万次,法行者法律咨询APP，是一款专业法律咨询手机APP。分为律师用户端和当事人用户端。法行者APP入驻律师是经过严格审核拥有执业资格的专业律师。法行者APP的律师服务于全国各地，可以为每个地区的百姓提供法律服务。法行者APP的律师具有自己擅长的专业，可以为每位百姓解决各个领域的法律难题。,https://appimg.dbankcdn.com/hwmarket/files/application/icon144/a6c294357cff401b98766602ad08f3ce.png,http://appdlc.hicloud.com/dl/appdl/application/apk/a6/a6c294357cff401b98766602ad08f3ce/com.xingzhefa.app.1907262333.apk?sign=portal@portal1564386610386&source=portalsite,2019-07-29
C10737057,丝芙兰SEPHORA,购物比价,丝芙兰（上海）化妆品销售有限公司,84.28MB,6.8.0,2019-07-29,score_5,292万次,丝芙兰（SEPHORA），全球著名化妆品购物平台，全球拥有超过1000家门店，提供多样的产品选择：从护肤、美容到香水，既有久负盛名的化妆品精选品牌，还有引领潮流的市场新品，更有独家专有的SEPHORA（丝芙兰中国）品牌产品。汇聚雅诗兰黛、纪梵希、迪奥等近百个国际品牌，超5千款美妆护肤产品，支持货到付款。更多好物,https://appimg.dbankcdn.com/hwmarket/files/application/icon144/5830b6ab5bbb486db4af81d275c07b96.png,http://appdlc.hicloud.com/dl/appdl/application/apk/58/5830b6ab5bbb486db4af81d275c07b96/com.arvato.sephora.app.1907291044.apk?sign=portal@portal1564386610974&source=portalsite,2019-07-29
C100278955,清水同城,便捷生活,天水易联网络信息技术有限公司,48.19MB,5.2.0,2019-07-29,score_0,<10000次,清水自己的APP，这里有好吃的，好喝的，好玩的，好看的，还有好多小伙伴！,https://appimg.dbankcdn.com/hwmarket/files/application/icon144/6e904115814249cf9a46bb3a649889a3.png,http://appdlc.hicloud.com/dl/appdl/application/apk/6e/6e904115814249cf9a46bb3a649889a3/com.chance.qingshuitongcheng.1907271805.apk?sign=portal@portal1564386611455&source=portalsite,2019-07-29
C10520394,大笨象,运动健康,广西大笨象科技有限公司,21.74MB,3.0.2,2019-07-29,score_9,6万次,大笨象APP是一款便捷的看牙软件，整合并对接口腔医患资源，帮助用户快速找到身边优质的牙医。通过补贴享受和体验看牙优惠政策和真实消费数据透明公开展示，消除口腔医患医疗信息不对称现象，促进实现透明、平等、信任的口腔医患服务模式，同时秉承平等理念，肩负普惠全民的社会责任，致力于让人人享有平等的口腔就医机会。,https://appimg.dbankcdn.com/hwmarket/files/application/icon144/fffb20243f4e47ddada9afdc403d4004.png,http://appdlc.hicloud.com/dl/appdl/application/apk/ff/fffb20243f4e47ddada9afdc403d4004/com.dbx.patient.app.1907271440.apk?sign=portal@portal1564386612673&source=portalsite,2019-07-29
C100182461,青县同城,便捷生活,深圳市创实互联科技有限公司,48.13MB,5.2.0,2019-07-29,score_0,<10000次,青县人自己的APP，这里有好吃的，好喝的，好玩的，好看的，还有好多小伙伴！,https://appimg.dbankcdn.com/hwmarket/files/application/icon144/7ef3b11428c0455da0a4726ad8dd7b4b.png,http://appdlc.hicloud.com/dl/appdl/application/apk/7e/7ef3b11428c0455da0a4726ad8dd7b4b/com.chance.qingxiantongcheng.1907270745.apk?sign=portal@portal1564386613250&source=portalsite,2019-07-29
C10285954,洋葱数学,教育,光合新知（北京）科技有限公司,62.51MB,5.8.2,2019-07-29,score_9,3317万次,洋葱数学，一款风靡全国2000万学生用户的在线学习App！专注打造小学、初中、高中多学科在线智能学习平台！用轻松、有趣、易懂的方式，让知识一学就懂！,https://appimg.dbankcdn.com/hwmarket/files/application/icon144/9e2f32c94fc24c55a1ba00720bf790ee.png,http://appdlc.hicloud.com/dl/appdl/application/apk/9e/9e2f32c94fc24c55a1ba00720bf790ee/com.yangcong345.android.phone.1907291423.apk?sign=portal@portal1564386614538&source=portalsite,2019-07-29
C100807259,智仔,教育,西安志得网络技术有限公司,17.58MB,1.2.4,2019-07-29,score_10,<10000次,教师教育平台,https://appimg.dbankcdn.com/hwmarket/files/application/icon144/5a31d477486a41ff89298742eff7173c.png,http://appdlc.hicloud.com/dl/appdl/application/apk/5a/5a31d477486a41ff89298742eff7173c/com.example.zhizaiproject.1907290918.apk?sign=portal@portal1564386615058&source=portalsite,2019-07-29
C100494513,名律师法律咨询,便捷生活,深圳市红杉智能技术有限公司,27.29MB,3.0.5,2019-07-29,score_0,<10000次,名律师法律咨询APP用于高效的律师咨询，法律咨询、心理咨询、法律文书服务。快速的建立一对一的律师专业服务渠道，专业的律师、心理导师为您提供优质的法律咨询服务。极速响应、更权威、更专业。名律师法律咨询，汇集全国各地优秀律师，一站式法律咨询，您身边的法律专家。,https://appimg.dbankcdn.com/hwmarket/files/application/icon144/4fb89e4ad32a41b6828d7123f6002840.png,http://appdlc.hicloud.com/dl/appdl/application/apk/4f/4fb89e4ad32a41b6828d7123f6002840/com.cainiu.mls.1907251747.apk?sign=portal@portal1564386615676&source=portalsite,2019-07-29
C10554857,文件管家,实用工具,黄福来,28.06MB,8.1.3,2019-07-29,score_10,11万次,应用介绍,https://appimg.dbankcdn.com/hwmarket/files/application/icon144/17106992b7474595af89e0bd66168482.png,http://appdlc.hicloud.com/dl/appdl/application/apk/17/17106992b7474595af89e0bd66168482/com.way.filemanager.1907261626.apk?sign=portal@portal1564386616875&source=portalsite,2019-07-29
C10711669,嘉石榴,实用工具,嘉实金融信息服务（杭州）有限公司,13.43MB,1.9.6,2019-07-29,score_9,4万次,嘉石榴为卓尔控股旗下网贷平台。卓尔控股为中国企业500强。,https://appimg.dbankcdn.com/hwmarket/files/application/icon144/cba6c66a07fd4713b9d2ab61f7ae7fd0.png,http://appdlc.hicloud.com/dl/appdl/application/apk/cb/cba6c66a07fd4713b9d2ab61f7ae7fd0/com.jia16.1907261014.apk?sign=portal@portal1564386617420&source=portalsite,2019-07-29
C10596072,人气直播,影音娱乐,深圳市果酱时代科技有限公司,69.72MB,5.2.7,2019-07-29,score_10,114万次,人气直播真人主播视频强势回归，等你来看哦~~人气是一款专注主播社交的直播app，于2016年6月正式上线。由果酱开发，支持数万人同时在线视频聊天，拥有知名娱乐主播即时互动、在线K歌跳舞、视频交友等。,https://appimg.dbankcdn.com/hwmarket/files/application/icon144/421139593f5c428eb4cd440897e90e7f.png,http://appdlc.hicloud.com/dl/appdl/application/apk/42/421139593f5c428eb4cd440897e90e7f/com.guojiang.meitu.boys.1907291054.apk?sign=portal@portal1564386618106&source=portalsite,2019-07-29
C100171399,海约,旅游住宿,广州市海约互联网信息服务有限公司,71.79MB,3.2.12,2019-07-29,score_8,33万次,【海约】,https://appimg.dbankcdn.com/hwmarket/files/application/icon144/c5a4f2c7e5a24871a55ebabfa0fbc255.png,http://appdlc.hicloud.com/dl/appdl/application/apk/c5/c5a4f2c7e5a24871a55ebabfa0fbc255/com.seatour.1907291137.apk?sign=portal@portal1564386619736&source=portalsite,2019-07-29
C89632,拓词,教育,北京小拓科技有限公司,55.31MB,8.41,2019-07-29,score_10,125万次,拓词,https://appimg.dbankcdn.com/hwmarket/files/application/icon144/71564c95defd40e8a84a961371985ea9.png,http://appdlc.hicloud.com/dl/appdl/application/apk/71/71564c95defd40e8a84a961371985ea9/com.towords.1907271949.apk?sign=portal@portal1564386620317&source=portalsite,2019-07-29
C100038091,通讯圈,社交通讯,深圳立志捷科技有限公司,43.64MB,4.1.0,2019-07-29,score_6,7万次,通讯圈，专注服务全国手机和配件生产商、贸易商以及华强北数万家档口。解决微信群信息泛滥，无人管理，以及500人数限制。下载通讯圈APP，您的信息才能被更多同行看到，才能把优势货找到需要的人，懂货的人。通讯圈也是国内手机行业的信息交流平台、资源对接平台的先驱。本着服务于全国手机配件和维修从业者的宗旨，专注于通讯行业的服务平台，专注于手机后市场的健康发展，服务于手机内置配件、二手手机，以及数码周边的资源整合。,https://appimg.dbankcdn.com/hwmarket/files/application/icon144/0b19eeb62d8c43679766289bb1529468.png,http://appdlc.hicloud.com/dl/appdl/application/apk/0b/0b19eeb62d8c43679766289bb1529468/com.lizhijie.comcircle.1907271822.apk?sign=portal@portal1564386620789&source=portalsite,2019-07-29
C100274521,查八字,实用工具,北京甲子元宝科技有限公司,17.81MB,v3.2.9,2019-07-29,score_6,1万次,查八字,https://appimg.dbankcdn.com/hwmarket/files/application/icon144/eab4ff53e2064ff3a03146c41a69164f.png,http://appdlc.hicloud.com/dl/appdl/application/apk/ea/eab4ff53e2064ff3a03146c41a69164f/com.jiazimao.chabazi.1907261834.apk?sign=portal@portal1564386621350&source=portalsite,2019-07-29
C100424061,真实武器AR,拍摄美化,广州游乎信息科技有限公司,38.68MB,3.8,2019-07-29,score_9,97万次,使用您的手机模拟真实的武器！,https://appimg.dbankcdn.com/hwmarket/files/application/icon144/060e58b68fa04c329864fa1ab7010941.png,http://appdlc.hicloud.com/dl/appdl/application/apk/06/060e58b68fa04c329864fa1ab7010941/com.kaizhengne.guncamera.1907291118.apk?sign=portal@portal1564386621869&source=portalsite,2019-07-29
C100135927,淘大集,购物比价,湖北淘大集供应链有限责任公司,17.17MB,3.3.6,2019-07-29,score_9,5万次,湖北淘大集供应链有限责任公司致力于为餐饮企业与食材供货商之间打造一个公开透明的供求服务平台，通过严格审核入驻平台的优质供货商资质及所提供的食材质量，使餐饮企业足不出户即可方便、快捷地采购到物美价廉的丰富食材，解决了餐饮企业传统采购中操作不透明、质量不可控等疑难问题，避免农产品种植户与养殖户出现产品滞销的情况，同时也为广大群众食品安全保驾护航。,https://appimg.dbankcdn.com/hwmarket/files/application/icon144/55a54785e4404282bcdff750fbe028b3.png,http://appdlc.hicloud.com/dl/appdl/application/apk/55/55a54785e4404282bcdff750fbe028b3/cn.com.taodaji.1907271331.apk?sign=portal@portal1564386622508&source=portalsite,2019-07-29
C100181959,千城共配,出行导航,广州天儒供应链管理有限公司,29.81MB,2.0.20,2019-07-29,score_9,15万次,千城共配是广州天儒供应链管理有限公司旗下一款的物流品牌，运用了“区域代理+分享会员+大车队”的模式运营推广，有效整合社会上所有的人、货、车，构建一个“货运滴滴+分享经济+车队+保险+金融+仓储+电商”的物流生态圈。结合线下区域运营与服务，实现全民物流，人人物流的美好愿景！,https://appimg.dbankcdn.com/hwmarket/files/application/icon144/f7420ca61478435f8face3587f1b92a2.png,http://appdlc.hicloud.com/dl/appdl/application/apk/f7/f7420ca61478435f8face3587f1b92a2/com.qcgp56.qcgp.1907270735.apk?sign=portal@portal1564386623064&source=portalsite,2019-07-29
C100022713,电子研习社,教育,天津市易科捷科技有限公司,41.29MB,2.1.1,2019-07-29,score_9,6万次,电子研习社是一款针对电子工程师技术培训的手机App，海量培训课程持续不断的更新，随时随地学习技术，是电子工程师指尖上的培训，足不出户就可以在线学习前沿热门的技术。强大的课程更新计划，更新业内专家精心录制的课程，从入门到精通，全方位的学习技术。如果您是在校大学生，您可以从入门开始学习系列课程。如果您是刚入职的电子工程师，您可以通过在线课程培训，学习到相关的实战经验。如果您是从业多年的电子工程师，您可以通过课程培训交流更深的技术经验。,https://appimg.dbankcdn.com/hwmarket/files/application/icon144/269e2056f52940a8a4b2711a2bd349e8.png,http://appdlc.hicloud.com/dl/appdl/application/apk/26/269e2056f52940a8a4b2711a2bd349e8/com.my21dianyuan.electronicworkshop.1907290938.apk?sign=portal@portal1564386623671&source=portalsite,2019-07-29
C100809525,恋爱游戏,社交通讯,渭南欣飞悦网络科技有限公司,43.81MB,1.0.4,2019-07-29,score_4,<10000次,无论身处何地，都有Ta的陪伴。,https://appimg.dbankcdn.com/hwmarket/files/application/icon144/ad079bfe78ed4814a729aeb80f8dce0e.png,http://appdlc.hicloud.com/dl/appdl/application/apk/ad/ad079bfe78ed4814a729aeb80f8dce0e/com.saylove.lianaiyouxi.1907261420.apk?sign=portal@portal1564386625234&source=portalsite,2019-07-29
C100929061,好乡音,影音娱乐,北京易汇众盟网络技术有限公司,8.56MB,1.3.0,2019-07-29,score_0,<10000次,守护方言文化，是维系乡情的情感纽带、是传承艺术的救命稻草、是重塑自信的厚重基石。方言脱胎于传统，受众者毕竟有限，因此也成为了解地方风俗的重要工具。地方方言，承载着一个地域的历史、文化，是一种历史文化载体，是植根于人们心中的文化记忆，与地域文化互为表里。,https://appimg.dbankcdn.com/hwmarket/files/application/icon144/22dcea6a665d402e9f049a0cc4c3ad83.png,http://appdlc.hicloud.com/dl/appdl/application/apk/22/22dcea6a665d402e9f049a0cc4c3ad83/com.lixg.zmdialect.1907231616.apk?sign=portal@portal1564386625758&source=portalsite,2019-07-29
C100262783,品刻健康,运动健康,缤刻普锐(北京)科技有限责任公司,42.15MB,1.0.6.1,2019-07-29,score_2,1万次,智能好用的身体成分指数检测App！,https://appimg.dbankcdn.com/hwmarket/files/application/icon144/120827ac917643bc9caa88a0de21d896.png,http://appdlc.hicloud.com/dl/appdl/application/apk/12/120827ac917643bc9caa88a0de21d896/com.picoocHealth.1907271630.apk?sign=portal@portal1564386626381&source=portalsite,2019-07-29
C10489534,有车以后汽车报价,汽车,广州有车以后信息科技有限公司,18.10MB,3.36.1,2019-07-29,score_10,346万次,优惠买车，专业新车报价大全，汽车团购，配置解析,https://appimg.dbankcdn.com/hwmarket/files/application/icon144/9994c2eaa7124d6298e4a5afaa94e7ff.png,http://appdlc.hicloud.com/dl/appdl/application/apk/99/9994c2eaa7124d6298e4a5afaa94e7ff/com.youcheyihou.iyoursuv.1907291136.apk?sign=portal@portal1564386627210&source=portalsite,2019-07-29
C100349573,高考真题,教育,合肥巨门信息科技有限公司,23.11MB,1.8.0,2019-07-29,score_9,<10000次,专为一千万高考生服务的app来啦！！！,https://appimg.dbankcdn.com/hwmarket/files/application/icon144/e7e1c8dbaf59499183a4c5d375a4a5e4.png,http://appdlc.hicloud.com/dl/appdl/application/apk/e7/e7e1c8dbaf59499183a4c5d375a4a5e4/com.jumen.gaokao.1907261753.apk?sign=portal@portal1564386627669&source=portalsite,2019-07-29
C100940009,货邦邦货主,商务,无锡货邦邦现代物流科技有限公司,10.03MB,1.0.4.product,2019-07-29,score_0,<10000次,货邦邦平台通过整套的物流解决方案，使得平台、车主及货主之间信息得以共同共享。,https://appimg.dbankcdn.com/hwmarket/files/application/icon144/50bc4bf1c1dc4a7e9217a0c94dfa0466.png,http://appdlc.hicloud.com/dl/appdl/application/apk/50/50bc4bf1c1dc4a7e9217a0c94dfa0466/com.hbb168.shipper.1907231002.apk?sign=portal@portal1564386628834&source=portalsite,2019-07-29
C10349517,买金网,金融理财,中金鼎晟（北京）电子商务有限公司,34.31MB,3.0.40,2019-07-29,score_8,<10000次,【产品简介】,https://appimg.dbankcdn.com/hwmarket/files/application/icon144/a26565260a094ceaa5fc95f8c16ccc17.png,http://appdlc.hicloud.com/dl/appdl/application/apk/a2/a26565260a094ceaa5fc95f8c16ccc17/com.maijinwang.android.1907261944.apk?sign=portal@portal1564386629439&source=portalsite,2019-07-29
C100813337,发才网,商务,上海发才网络信息技术有限公司,35.68MB,1.2.5,2019-07-29,score_6,<10000次,一次扫码，一次分享，终身奖励,https://appimg.dbankcdn.com/hwmarket/files/application/icon144/c73da61ea3304c52bf714675603cee78.png,http://appdlc.hicloud.com/dl/appdl/application/apk/c7/c73da61ea3304c52bf714675603cee78/com.isoftstone.quancai.1907291005.apk?sign=portal@portal1564386629968&source=portalsite,2019-07-29
C100960397,猛犸电动,实用工具,深圳猛犸电动科技有限公司,22.34MB,1.0.2,2019-07-29,score_0,<10000次,实时掌握爱车动态，让骑行更放心；,https://appimg.dbankcdn.com/hwmarket/files/application/icon144/5a50b1c1fe3c4d17ad5c7a1cff1c0ef4.png,http://appdlc.hicloud.com/dl/appdl/application/apk/5a/5a50b1c1fe3c4d17ad5c7a1cff1c0ef4/com.mambike.motorbike.1907262103.apk?sign=portal@portal1564386630584&source=portalsite,2019-07-29
C100747633,江湖抢单宝,实用工具,上饶市合一科技有限公司,10.16MB,2.2,2019-07-29,score_10,<10000次,【信贷经理线上获客神器】,https://appimg.dbankcdn.com/hwmarket/files/application/icon144/9b37c4e332974738a59248fb18461caf.png,http://appdlc.hicloud.com/dl/appdl/application/apk/9b/9b37c4e332974738a59248fb18461caf/com.riversbaby.money.1907241833.apk?sign=portal@portal1564386631705&source=portalsite,2019-07-29
C10510008,影宝易,便捷生活,深圳影宝网络科技有限公司,74.79MB,2.2.66,2019-07-29,score_10,6万次,影宝是一批影视人经过两年的摸索孕育出来的，以高效、快速、务实为原则，为影视人解决最棘手、最急切、最实际的问题。资金不足？异地拍摄？器材紧缺？人员不够？调配困难？有了影宝，一切迎刃而解。,https://appimg.dbankcdn.com/hwmarket/files/application/icon144/44bf61cccf2c4caeb9b6178e14e24e0e.png,http://appdlc.hicloud.com/dl/appdl/application/apk/44/44bf61cccf2c4caeb9b6178e14e24e0e/com.fengdi.yingbao.1907271546.apk?sign=portal@portal1564386632322&source=portalsite,2019-07-29
C100883129,百佳外卖商家版,美食,青岛秉晨嘉志网络科技有限公司,20.59MB,1.2,2019-07-29,score_0,<10000次,百佳外卖秉承“家庭味道”理念，贯彻精益求精，不忘初心的精神，致力于为2亿用户送去健康、安全、放心的外卖餐品，做中国外卖平台领军者，最终实现让美食合法的在市场流通。百佳外卖品类齐全，商品众多，领先一步。,https://appimg.dbankcdn.com/hwmarket/files/application/icon144/28c7aafa3dff41eabcab14127e3db368.png,http://appdlc.hicloud.com/dl/appdl/application/apk/28/28c7aafa3dff41eabcab14127e3db368/com.baijia_sj.1907290957.apk?sign=portal@portal1564386633005&source=portalsite,2019-07-29
C100946463,风涌科技商城,购物比价,武汉风涌科技有限责任公司,4.31MB,1.0.0,2019-07-29,score_0,<10000次,我们时刻关注着软件市场的需求,https://appimg.dbankcdn.com/hwmarket/files/application/icon144/32c2b7a214634d7cbbb13903396d6215.png,http://appdlc.hicloud.com/dl/appdl/application/apk/32/32c2b7a214634d7cbbb13903396d6215/com.dcloud.BABBARSKAUG.1907231426.apk?sign=portal@portal1564386633452&source=portalsite,2019-07-29
C100186613,木木优购,购物比价,介休市木木电子商务有限公司,48.22MB,5.2.0,2019-07-29,score_6,<10000次,这里有好多好玩的，,https://appimg.dbankcdn.com/hwmarket/files/application/icon144/f42fbc0c0ce54d10b34ee2d2cdbbed27.png,http://appdlc.hicloud.com/dl/appdl/application/apk/f4/f42fbc0c0ce54d10b34ee2d2cdbbed27/com.chance.mumuyougou.1907270835.apk?sign=portal@portal1564386635272&source=portalsite,2019-07-29
C100040157,行动商学院,教育,上海智未信息技术有限公司,50.14MB,5.2.2,2019-07-29,score_7,131万次,【行动商学院-实效落地的在线EMBA】,https://appimg.dbankcdn.com/hwmarket/files/application/icon144/a7e8f8489b104b71b525f0da6aac0634.png,http://appdlc.hicloud.com/dl/appdl/application/apk/a7/a7e8f8489b104b71b525f0da6aac0634/com.xdjy100.app.fm.1907290900.apk?sign=portal@portal1564386636657&source=portalsite,2019-07-29
C100492879,WorkGo,实用工具,南京讯飞智慧空间信息科技有限公司,34.65MB,2.0.4,2019-07-29,score_2,<10000次,WorkGo是讯飞智慧空间专为园区、办公楼宇场景下打造的一款专业办公生活、服务管理，帮助园区和楼宇运营方降低租务管理成本，提升员工工作效率，提供饮水、考勤、用纸等场景，为员工打造更好的办公环境。员工使用软件进行考勤打卡、购买商品、扫码付费等,https://appimg.dbankcdn.com/hwmarket/files/application/icon144/bf023adefdbc4c1394e6de74cfa6a87d.png,http://appdlc.hicloud.com/dl/appdl/application/apk/bf/bf023adefdbc4c1394e6de74cfa6a87d/com.iworkgo.workgo.1907290946.apk?sign=portal@portal1564386637238&source=portalsite,2019-07-29
C100288471,公考通,教育,南京公小通软件科技有限公司,25.98MB,1.4.2,2019-07-29,score_7,10万次,公考通公务员考试在线题库，在线课程应有尽有,https://appimg.dbankcdn.com/hwmarket/files/application/icon144/aa7f73fc276e40fbb87f200e697ceb6c.png,http://appdlc.hicloud.com/dl/appdl/application/apk/aa/aa7f73fc276e40fbb87f200e697ceb6c/com.xuebao.gwy.1907291358.apk?sign=portal@portal1564386639569&source=portalsite,2019-07-29
C100516401,贝思客试吃,实用工具,上海手乐电子商务股份有限公司,15.98MB,3.1.09,2019-07-29,score_0,<10000次,贝思客蛋糕，精致生活之选！源于德国，初心不改！觊觎百年传统工艺，践行互联网理念，坚持行业创新，颠覆烘焙传统，食尚本来生活，让BEST品项，BEST,https://appimg.dbankcdn.com/hwmarket/files/application/icon144/e5edaea77c124763af35b637de00b248.png,http://appdlc.hicloud.com/dl/appdl/application/apk/e5/e5edaea77c124763af35b637de00b248/foretaste.com.foretaste.1907291103.apk?sign=portal@portal1564386640170&source=portalsite,2019-07-29
C100840329,芝麻作文,教育,上海元趣信息技术有限公司,18.49MB,1.2.7,2019-07-29,score_10,<10000次,芝麻作文是一款提升6-15岁孩子作文分数的,https://appimg.dbankcdn.com/hwmarket/files/application/icon144/1dc1c1fb26e64389a09e4178c3f412e9.png,http://appdlc.hicloud.com/dl/appdl/application/apk/1d/1dc1c1fb26e64389a09e4178c3f412e9/com.yqtec.sesame.composition.1907291001.apk?sign=portal@portal1564386640894&source=portalsite,2019-07-29
C10411901,共享停车,出行导航,广州悦停网络科技有限公司,28.42MB,4.0.2,2019-07-29,score_3,25万次,“共享停车”（Airparking）是广州悦停网络科技有限公司基于停车位共享服务的一款手机应用，是一款利用车位共享解决停车难题的软件,https://appimg.dbankcdn.com/hwmarket/files/application/icon144/ebaf27e0aa7a43e394fc6577ff05105a.png,http://appdlc.hicloud.com/dl/appdl/application/apk/eb/ebaf27e0aa7a43e394fc6577ff05105a/com.airparking.shareparking.1907291142.apk?sign=portal@portal1564386641470&source=portalsite,2019-07-29
C10236098,邻郎,购物比价,河南万安网络技术有限公司,31.01MB,3.1.8,2019-07-29,score_10,<10000次,邻郎App描述：,https://appimg.dbankcdn.com/hwmarket/files/application/icon144/a714771722e54f9ab0cf6c52f1f9b468.png,http://appdlc.hicloud.com/dl/appdl/application/apk/a7/a714771722e54f9ab0cf6c52f1f9b468/com.linlang.app.firstapp.1907291100.apk?sign=portal@portal1564386641968&source=portalsite,2019-07-29
C100141911,范大大,实用工具,上海范海信息科技有限公司,11.53MB,6.0.0,2019-07-29,score_10,<10000次,范大大专注为金融机构、第三方中介机构、终端客户服务的互联网信息资源整合工具。利用互联网工具和大数据，使线上产品和线下渠道资源对接，提供在线产品宣传、需求发布、金融资讯、智能匹配、在线获客等服务。让借款更简单。,https://appimg.dbankcdn.com/hwmarket/files/application/icon144/ed71a3177f9f4b709880f572ba053179.png,http://appdlc.hicloud.com/dl/appdl/application/apk/ed/ed71a3177f9f4b709880f572ba053179/net.daidaixia.app.1907291232.apk?sign=portal@portal1564386642510&source=portalsite,2019-07-29
C10591617,同城鸽,便捷生活,潮州市宇罡网络科技有限公司,38.33MB,V3.3.3,2019-07-29,score_7,3万次,"同城鸽"是新一代城市服务生态体系的创新平台，是集策划设计、软件开发、平台运营为一体的综合型技术团队“宇罡网络科技有限公司”独立研发！“同城鸽”致力于汇集潮州全业态商家，力求打造出一站式生活需求服务，为潮州市民提供优质、贴心、精准的商城购物、同城物联、餐饮外卖、全民跑腿、热点资讯、智能社区等一系列生态体系服务。,https://appimg.dbankcdn.com/hwmarket/files/application/icon144/ea2ac6fb88804434bf007a912912333b.png,http://appdlc.hicloud.com/dl/appdl/application/apk/ea/ea2ac6fb88804434bf007a912912333b/cn.czyugang.tcg.client.1907290930.apk?sign=portal@portal1564386643851&source=portalsite,2019-07-29
C100661839,每日做到,实用工具,武汉手盟网络科技股份有限公司,5.65MB,1.2.1,2019-07-29,score_10,<10000次,每日做到就是这样的一款应用程序，它会让你像玩养成类游戏一样，养成你的人生目标。,https://appimg.dbankcdn.com/hwmarket/files/application/icon144/e11a2598157e45e78233e1e79427dcf4.png,http://appdlc.hicloud.com/dl/appdl/application/apk/e1/e11a2598157e45e78233e1e79427dcf4/com.shoumeng.meirizuodao.1907291114.apk?sign=portal@portal1564386644988&source=portalsite,2019-07-29
C100104987,众食安监管端,便捷生活,杭州祐全科技发展有限公司,87.29MB,1.3.2,2019-07-29,score_10,1万次,基于互联网+食品安,https://appimg.dbankcdn.com/hwmarket/files/application/icon144/6f56594d401940469d309f58223b64f2.png,http://appdlc.hicloud.com/dl/appdl/application/apk/6f/6f56594d401940469d309f58223b64f2/com.example.innovation_cj.1907291140.apk?sign=portal@portal1564386645519&source=portalsite,2019-07-29
C100482015,水印相机,拍摄美化,北京小嘿科技有限责任公司,27.79MB,V1.7.0.146,2019-07-29,score_8,320万次,拍照片、拍视频实时加水印，方便快捷！,https://appimg.dbankcdn.com/hwmarket/files/application/icon144/cd63dc31f38045a68019a10965190694.png,http://appdlc.hicloud.com/dl/appdl/application/apk/cd/cd63dc31f38045a68019a10965190694/com.xhey.xcamera.1907291122.apk?sign=portal@portal1564386646175&source=portalsite,2019-07-29
C381,网易有道词典,教育,北京网易有道计算机系统有限公司,116.09MB,7.9.8,2019-07-29,score_10,4亿次,8亿人都在用的外语学习翻译词典,https://appimg.dbankcdn.com/hwmarket/files/application/icon144/f4a0e38509f64ff38c08ce89b594129d.png,http://appdlc.hicloud.com/dl/appdl/application/apk/f4/f4a0e38509f64ff38c08ce89b594129d/com.youdao.dict.1907291157.apk?sign=portal@portal1564386647376&source=portalsite,2019-07-29
C100271289,会计头条,新闻阅读,北京云财信息技术有限公司,26.26MB,3.6.1,2019-07-29,score_10,136万次,会计人的大事，就看会计头条！财税资讯、实操干货、职场话题一手掌握，专业、及时、有料又有趣的会计人阅读平台。更有会计贴吧，聊工作、交朋友，发贴互动，会计人的专属社区！,https://appimg.dbankcdn.com/hwmarket/files/application/icon144/d411dcfefee34232bf5111c23d98882e.png,http://appdlc.hicloud.com/dl/appdl/application/apk/d4/d411dcfefee34232bf5111c23d98882e/com.wta.NewCloudApp.toutiao.1907291201.apk?sign=portal@portal1564386647901&source=portalsite,2019-07-29
C100887319,智慧茗园,实用工具,江西裕丰智能农业科技有限公司,36.53MB,1.0.20190725,2019-07-29,score_0,<10000次,智慧茗园是为了让种植生产茶叶更智能精准，从种植开始管控好每一片茶叶，用户只需登录手机APP，选择要查看的茶园,https://appimg.dbankcdn.com/hwmarket/files/application/icon144/c3d4910c8059477ca221911d33a1924a.png,http://appdlc.hicloud.com/dl/appdl/application/apk/c3/c3d4910c8059477ca221911d33a1924a/com.yfkj.teagarden.1907291133.apk?sign=portal@portal1564386648519&source=portalsite,2019-07-29
C100708047,松江印协,教育,上海市松江区印刷协会,21.31MB,2.50.039,2019-07-29,score_0,<10000次,松江印协——由北京科印传媒文化股份有限公司打造，专注为上海市松江区印刷协会提供专业知识、资讯服务的App。,https://appimg.dbankcdn.com/hwmarket/files/application/icon144/fb1ab5f1bf5746d8805093b2d98fcefd.png,http://appdlc.hicloud.com/dl/appdl/application/apk/fb/fb1ab5f1bf5746d8805093b2d98fcefd/cn.touchv.acBNqx2.1907291409.apk?sign=portal@portal1564386649120&source=portalsite,2019-07-29
C100389289,顺鹿,出行导航,广州盈通电子科技有限公司,61.66MB,2.4.1,2019-07-29,score_9,29万次,顺鹿在手，出行无忧！,https://appimg.dbankcdn.com/hwmarket/files/application/icon144/f4c346bbe5284d4c8a3fb93351a24a3a.png,http://appdlc.hicloud.com/dl/appdl/application/apk/f4/f4c346bbe5284d4c8a3fb93351a24a3a/com.weconex.justgo.app.1907291128.apk?sign=portal@portal1564386652584&source=portalsite,2019-07-29
C10455971,四川观察,新闻阅读,四川金熊猫新媒体有限公司,35.37MB,3.3.3,2019-07-29,score_6,49万次,《四川观察》APP以原创独家短视频为核心竞争力，以新闻事件直播为亮点，代表四川权威声音，是四川时政新闻新媒体主流传播平台和主流政商圈精英人群的“朋友圈”。全方位解读四川本地新闻资讯，全方位的满足客户的需求，赶紧加入我们吧！,https://appimg.dbankcdn.com/hwmarket/files/application/icon144/c59ee3c04a1943fea9bfcd2028db2dc1.png,http://appdlc.hicloud.com/dl/appdl/application/apk/c5/c59ee3c04a1943fea9bfcd2028db2dc1/com.sctv.scfocus.1907290911.apk?sign=portal@portal1564386653165&source=portalsite,2019-07-29
C10653868,它品,购物比价,广州海际宠物贸易有限公司,40.90MB,4.9.9,2019-07-29,score_2,3万次,它品APP，专为国内中高端宠物商户研发，国内领先的宠物用品采购APP。以“工厂-它品APP-商户”的直供模式，为宠物商户提供海内外的优质货源，极大地缩减了成本，将利润让给商户，目前已与滋益巅峰、原始猎食渴望、Tiki,https://appimg.dbankcdn.com/hwmarket/files/application/icon144/e6f8cf4eba6e46a89ed989ddd3c1313f.png,http://appdlc.hicloud.com/dl/appdl/application/apk/e6/e6f8cf4eba6e46a89ed989ddd3c1313f/com.mall.trade.1907291214.apk?sign=portal@portal1564386653697&source=portalsite,2019-07-29
C100794791,莲藕健康,运动健康,广东莲藕健康科技有限公司,17.13MB,2.0,2019-07-29,score_0,<10000次,莲藕健康APP是医药批发首选平台。,https://appimg.dbankcdn.com/hwmarket/files/application/icon144/de6ad422cbf94b8ca6297861a9293eb8.png,http://appdlc.hicloud.com/dl/appdl/application/apk/de/de6ad422cbf94b8ca6297861a9293eb8/com.app.lianoujiankang.1907291340.apk?sign=portal@portal1564386654280&source=portalsite,2019-07-29
C100166539,中农发,实用工具,江苏金土地种业有限公司,8.00MB,1.3,2019-07-29,score_0,<10000次,中农发现代农业服务平台致力于构建新型农业主体匹配的社会化服务体系，提供低成本、便利化、订单化、全方位的社会化服务。平台服务项目：组织农资集采；建立农业大数据；建立农产品溯源体系；建立农业信息、技术、产品互通平台；推进农业金融、农业保险。,https://appimg.dbankcdn.com/hwmarket/files/application/icon144/ab311d022f5b471caa8b1a3ba70cb9e8.png,http://appdlc.hicloud.com/dl/appdl/application/apk/ab/ab311d022f5b471caa8b1a3ba70cb9e8/io.dcloud.H51871B03111.1907290901.apk?sign=portal@portal1564386654751&source=portalsite,2019-07-29
C100846153,惠己达人,购物比价,深圳惠己达人网络科技有限公司,29.60MB,1.5,2019-07-29,score_10,<10000次,秉承“自用省钱，分享赚钱”的价值理念，以“互联网＋”零售新模式，致力于为消费者打造一站式领券优惠+分享获利的智能分享社交电商导购。支持各大电商导购，帮助消费者在快速定位性价比的商品，通过内部优惠劵，让网购消费者实现自购省钱的目的.,https://appimg.dbankcdn.com/hwmarket/files/application/icon144/f8a583981fa541ada56ac32cafdfec07.png,http://appdlc.hicloud.com/dl/appdl/application/apk/f8/f8a583981fa541ada56ac32cafdfec07/cn.dankal.gotgoodbargain.1907291135.apk?sign=portal@portal1564386656458&source=portalsite,2019-07-29
C100851603,头像制作大师,拍摄美化,广州可牛信息技术有限公司,19.72MB,1.2.1,2019-07-29,score_10,<10000次,▶情侣头像挂件，节日挂件，强迫症挂件，,https://appimg.dbankcdn.com/hwmarket/files/application/icon144/cc80e7bdd25f4ad9bc1b7210be144023.png,http://appdlc.hicloud.com/dl/appdl/application/apk/cc/cc80e7bdd25f4ad9bc1b7210be144023/com.krniu.txdashi.1907291236.apk?sign=portal@portal1564386657098&source=portalsite,2019-07-29
C100405581,医邦人,运动健康,山东医邦人健康科技有限公司,18.52MB,2.0.4,2019-07-29,score_0,<10000次,医邦人App立足于做大健康领域的互联网平台，提供健康领域的学习培训、政策法规、行情快讯、产品采购、应聘招聘等服务。,https://appimg.dbankcdn.com/hwmarket/files/application/icon144/ff9e6d7737f64d7ea25bc5a8e616ce62.png,http://appdlc.hicloud.com/dl/appdl/application/apk/ff/ff9e6d7737f64d7ea25bc5a8e616ce62/com.yibangren.1907291411.apk?sign=portal@portal1564386658326&source=portalsite,2019-07-29
C100207583,小泊伙伴,便捷生活,深圳市小泊科技有限公司,23.34MB,2.6.0,2019-07-29,score_0,<10000次,小泊伙伴，是一款提高公寓运营效率的工作软件，解决租前/租中/租后公寓管理全流程场景。为泊寓内部店长店助以及负责人提供智能便捷、简单全面的工作提醒和数据指标展示。,https://appimg.dbankcdn.com/hwmarket/files/application/icon144/abc7ce580ce845efb3478552ed9f5bc9.png,http://appdlc.hicloud.com/dl/appdl/application/apk/ab/abc7ce580ce845efb3478552ed9f5bc9/com.inboyu.workbenchapp.1907291120.apk?sign=portal@portal1564386658820&source=portalsite,2019-07-29
C100654445,陌爱,社交通讯,深圳市禾火网络科技有限公司,37.11MB,4.7.0,2019-07-29,score_10,171万次,想要早日摆脱单身的称号，上陌爱！,https://appimg.dbankcdn.com/hwmarket/files/application/icon144/d636984ad4444f199d7b865e235cc16a.png,http://appdlc.hicloud.com/dl/appdl/application/apk/d6/d636984ad4444f199d7b865e235cc16a/com.heehoo.momo.1907281942.apk?sign=portal@portal1564386659461&source=portalsite,2019-07-29
C100897321,超级宝宝测评,儿童,深圳市育联网科技有限公司,9.28MB,1.0.4,2019-07-29,score_0,<10000次,育花园平台旗下推出的一款适用于0-6岁育儿类APP。它结合成长测评，心理发育检测；育儿知识等，对婴儿发展的规律和婴儿发展的状况有一个客观的了解。其中的测评对婴幼儿神经发育发展的状况进行“定期量化，掌握情况；及时干预；整体促进”。,https://appimg.dbankcdn.com/hwmarket/files/application/icon144/cedaa644dc7a42b1a1b0ee52cb083099.png,http://appdlc.hicloud.com/dl/appdl/application/apk/ce/cedaa644dc7a42b1a1b0ee52cb083099/com.avsnest.superassessment.1907291105.apk?sign=portal@portal1564386659979&source=portalsite,2019-07-29
C10872806,选校帝,教育,北京创新伙伴教育科技有限公司,14.01MB,2.41.0,2019-07-29,score_8,23万次,选校帝·「美国探校视频」快来看名校学长学姐的留学生活啦，你不知道的干货都在这里！,https://appimg.dbankcdn.com/hwmarket/files/application/icon144/e8b98b808aac447fb6466d086c329895.png,http://appdlc.hicloud.com/dl/appdl/application/apk/e8/e8b98b808aac447fb6466d086c329895/com.smartstudy.xxd.1907291119.apk?sign=portal@portal1564386660494&source=portalsite,2019-07-29
C10333420,手机梵讯,教育,上海梵讯网络技术有限公司,44.58MB,5.0.3,2019-07-29,score_7,30万次,手机梵讯是上海梵讯网络技术有限公司为房产经纪人提供的一个手机移动办公软件，也是第一款智能版手机房产管理软件。房产经纪人可以随时随地添加，查询和管理房源和客源，跟进客户，设置提醒，搜索个人房源，发布房源等等。,https://appimg.dbankcdn.com/hwmarket/files/application/icon144/90023264830246c9b0eca34d17893205.png,http://appdlc.hicloud.com/dl/appdl/application/apk/90/90023264830246c9b0eca34d17893205/com.fooww.soft.android.Presentation.1907242124.apk?sign=portal@portal1564386660964&source=portalsite,2019-07-29
C100029121,古琴会Guqin,购物比价,北京正麟文化集团有限公司,128.96MB,3.0.2,2019-07-29,score_6,5万次,为打破古琴界交易壁垒，实现琴人与琴馆“零距离”“零障碍”实时沟通，古琴会Guqin汇聚了全球优质琴馆、琴师、琴匠、琴人，从古琴教学、交易、活动、社交到休闲，一应俱全，是古琴界最强一站式资源整合平台网站。,https://appimg.dbankcdn.com/hwmarket/files/application/icon144/f2eacad9148e49a4ad62e311ba24a318.png,http://appdlc.hicloud.com/dl/appdl/application/apk/f2/f2eacad9148e49a4ad62e311ba24a318/com.zhenglinc.app.1907291345.apk?sign=portal@portal1564386661573&source=portalsite,2019-07-29
C10232134,盯盯拍,拍摄美化,深圳市为有视讯有限公司,58.82MB,v6.0.3.0728,2019-07-29,score_4,445万次,该应用为,https://appimg.dbankcdn.com/hwmarket/files/application/icon144/c0acf07908214ec0ad510a804808b7bd.png,http://appdlc.hicloud.com/dl/appdl/application/apk/c0/c0acf07908214ec0ad510a804808b7bd/com.vyou.vcameraclient.1907291150.apk?sign=portal@portal1564386662193&source=portalsite,2019-07-29
C10714478,南山大夫,运动健康,安徽金健桥医疗科技有限公司,9.63MB,1.1.1001,2019-07-29,score_10,<10000次,“智慧治疗，贴身呵护”，提供专业、有效的中医治疗方法，针对不同疼痛类型、疼痛部位提供个性化的治疗方案。一款APP，实现多款智能健康医疗器械产品治疗功能，让用户尊享智能科技带来的健康成果。,https://appimg.dbankcdn.com/hwmarket/files/application/icon144/c7badd73960b4e28b55f9cf5277f5903.png,http://appdlc.hicloud.com/dl/appdl/application/apk/c7/c7badd73960b4e28b55f9cf5277f5903/com.dohenes.nanshandf.1907290927.apk?sign=portal@portal1564386662751&source=portalsite,2019-07-29
C10663795,都学课堂,教育,都学网络科技（北京）有限公司,35.87MB,4.0.5,2019-07-29,score_8,4万次,都学课堂，MBA/MPAcc/MEM/MPA/EMBA备考路上的好帮手！,https://appimg.dbankcdn.com/hwmarket/files/application/icon144/f5c85abac74e48878fbdfd3540df0877.png,http://appdlc.hicloud.com/dl/appdl/application/apk/f5/f5c85abac74e48878fbdfd3540df0877/com.example.doxue.1907291048.apk?sign=portal@portal1564386663351&source=portalsite,2019-07-29
C100717059,师资培训,教育,湖南青果传媒有限公司,13.61MB,13.1.9,2019-07-29,score_10,<10000次,师资培训使用互联网移动技术，将各种信息资源和应用服务进行整合、挖掘和展现，为培训学员和培训教师提供方便快捷的移动信息服务。,https://appimg.dbankcdn.com/hwmarket/files/application/icon144/fb92559113134ba199c00bf96b9c2361.png,http://appdlc.hicloud.com/dl/appdl/application/apk/fb/fb92559113134ba199c00bf96b9c2361/com.kingosoft.szpx.1907291008.apk?sign=portal@portal1564386663940&source=portalsite,2019-07-29
C10158216,160医生,运动健康,深圳市宁远科技股份有限公司,27.68MB,5.16.0,2019-07-29,score_9,33万次,160医生全新升级，面向2000万平台患者，打造您的品牌移动诊室。,https://appimg.dbankcdn.com/hwmarket/files/application/icon144/e523adf5b6a24642be24446b49bbce80.png,http://appdlc.hicloud.com/dl/appdl/application/apk/e5/e523adf5b6a24642be24446b49bbce80/com.ny.jiuyi160_doctor.1907291124.apk?sign=portal@portal1564386664599&source=portalsite,2019-07-29
C100435301,优鲜果蔬,美食,日照市东港区林竹商贸有限公司,12.49MB,1.0.6.8,2019-07-29,score_7,<10000次,【优鲜果蔬】致力于打造全球生鲜好食材。新一代全供应链，全程精细化管控、精挑细选、实地考察、方便快捷。让您的生活足够“新鲜”。,https://appimg.dbankcdn.com/hwmarket/files/application/icon144/fb343f66c2cc473c8402b671fa70d1d4.png,http://appdlc.hicloud.com/dl/appdl/application/apk/fb/fb343f66c2cc473c8402b671fa70d1d4/com.hemaapp.hm_cjml.1907290938.apk?sign=portal@portal1564386665175&source=portalsite,2019-07-29
C100236011,御帛家居,购物比价,南通江南帛庄家纺有限公司,34.63MB,1.0.15,2019-07-29,score_0,<10000次,在线销售床上家纺用品，床上四件套等，公司产品面向都市白领，主张简单、纯粹、优质的生活态度，坚持以优质的思想吸引消费者，设计以典雅的色彩、优美的线条、风姿卓越的魅力吸引着各年龄段的都市人；家纺产品材质采用进口上等面料，辅以一流的生产加工工艺，实现了面料、工艺、款式的完美结合。,https://appimg.dbankcdn.com/hwmarket/files/application/icon144/ccfe3c0b36b5407586df29c6c82c9c1a.png,http://appdlc.hicloud.com/dl/appdl/application/apk/cc/ccfe3c0b36b5407586df29c6c82c9c1a/com.bedclothes.1907291119.apk?sign=portal@portal1564386665670&source=portalsite,2019-07-29
C10352415,三好网老师版,教育,北京三好互动教育科技有限公司,12.68MB,3.5.2,2019-07-29,score_10,3万次,依托国家专利智能硬件技术，【三好网】打造课外辅导【超级在线一对一】！,https://appimg.dbankcdn.com/hwmarket/files/application/icon144/fb24dca519714989802d3a5cf28a0344.png,http://appdlc.hicloud.com/dl/appdl/application/apk/fb/fb24dca519714989802d3a5cf28a0344/com.sanhao.teacher.1907291411.apk?sign=portal@portal1564386667397&source=portalsite,2019-07-29
C100753141,猫掌柜,购物比价,宝鸡市泽海网络科技有限公司,20.71MB,1.2.9,2019-07-29,score_10,18万次,【及时】猫掌柜为广大朋友每日带来千款商品优惠券，新款好货整点秒杀信息！,https://appimg.dbankcdn.com/hwmarket/files/application/icon144/caa8ca4b404c4d22a240b8ba12c99274.png,http://appdlc.hicloud.com/dl/appdl/application/apk/ca/caa8ca4b404c4d22a240b8ba12c99274/com.maozhanggui.app.1907291404.apk?sign=portal@portal1564386667982&source=portalsite,2019-07-29
C100263941,名猩片,社交通讯,深圳市小仓鼠信息科技有限公司,27.52MB,2.11.4,2019-07-29,score_8,<10000次,名猩片，全新的名片应用。,https://appimg.dbankcdn.com/hwmarket/files/application/icon144/853a0f6271f44451841507c79c1a12f0.png,http://appdlc.hicloud.com/dl/appdl/application/apk/85/853a0f6271f44451841507c79c1a12f0/com.xcangshu.mxp.1907271635.apk?sign=portal@portal1564386668671&source=portalsite,2019-07-29
C100357813,计食器,运动健康,广州雅特智能科技有限公司,19.47MB,1.5,2019-07-29,score_6,<10000次,计食器是提供全智能减重方案，轻松管理体重的工具,https://appimg.dbankcdn.com/hwmarket/files/application/icon144/a92863d9dd9a431f9d0e266a8beb5a6d.png,http://appdlc.hicloud.com/dl/appdl/application/apk/a9/a92863d9dd9a431f9d0e266a8beb5a6d/com.yate.jsq.1907291033.apk?sign=portal@portal1564386669255&source=portalsite,2019-07-29
C100351495,宽广慧云,实用工具,承德宽广超市集团有限公司,9.71MB,2.2.0,2019-07-29,score_6,6万次,宽广慧云是河北省承德市宽广集团专为会员打造的一款专属App，包括领券、电子海报、促销活动信息，电子会员卡等功能。,https://appimg.dbankcdn.com/hwmarket/files/application/icon144/b14cf208f0d04df19f8a63e3882897a6.png,http://appdlc.hicloud.com/dl/appdl/application/apk/b1/b14cf208f0d04df19f8a63e3882897a6/com.kuanguang.huiyun.1907290909.apk?sign=portal@portal1564386670508&source=portalsite,2019-07-29
C100594667,企鹅运维,实用工具,杭州企鹅科技有限公司,14.24MB,1.2.4,2019-07-29,score_0,<10000次,企鹅运维系统是一款掌上运维管理APP产品，主要为与企鹅科技达成战略合作的运营商，提供企鹅平台物联网设备线下安装维修运维管理和线上实时监控、远程控制管理服务的应用软件；,https://appimg.dbankcdn.com/hwmarket/files/application/icon144/e57ac643399044ffab3190557089b926.png,http://appdlc.hicloud.com/dl/appdl/application/apk/e5/e57ac643399044ffab3190557089b926/com.qekj.erp.1907291404.apk?sign=portal@portal1564386671749&source=portalsite,2019-07-29
C10785335,小宝销售,商务,杭州利伊享数据科技有限公司,15.46MB,2.1.11,2019-07-29,score_0,<10000次,小宝销售，与小宝招商系出同门，免费的多元沟通协同销售管理平台，专为中国企业和团队销售过程和业务提升量身打造。以有义和有趣的方式，让员工热爱登录与协作，为企业打造一个轻松的一站式移动管理平台,https://appimg.dbankcdn.com/hwmarket/files/application/icon144/e9aeec9823a0445985627d3d9af6b25d.png,http://appdlc.hicloud.com/dl/appdl/application/apk/e9/e9aeec9823a0445985627d3d9af6b25d/com.azhuoinfo.athene.1907291146.apk?sign=portal@portal1564386673058&source=portalsite,2019-07-29
C100754585,窥牖商家版,商务,北京京北云商科技有限公司,15.31MB,1.1.6,2019-07-29,score_0,<10000次,窥牖商家版app隶属于北京京北云商科技有限公司，是一款提供个人潜能开发管理系统。基于快乐、自由、价值、梦想的理念，把普通人的潜在资源和能量利用起来，造就一个普通人实现自我价值的家园。,https://appimg.dbankcdn.com/hwmarket/files/application/icon144/d7f21522a99348c687c6a5cf3a09fed6.png,http://appdlc.hicloud.com/dl/appdl/application/apk/d7/d7f21522a99348c687c6a5cf3a09fed6/com.jingbei.kymerchant.1907290856.apk?sign=portal@portal1564386673621&source=portalsite,2019-07-29
C100873019,PS修图,拍摄美化,台州西柚网络科技有限公司,10.81MB,1.0.5,2019-07-29,score_10,<10000次,PS修图-全能手机修图P图神器。不但基础功能强大，而且还有特效P图，AI美化等创新功能，是一款好玩易用的图片美化工具，致力于提供手机上图片拍摄、美化和分享的一站式图片服务。,https://appimg.dbankcdn.com/hwmarket/files/application/icon144/dd30bda9539345509dc251a369cbf831.png,http://appdlc.hicloud.com/dl/appdl/application/apk/dd/dd30bda9539345509dc251a369cbf831/com.sieyoo.qingymt.1907291134.apk?sign=portal@portal1564386674159&source=portalsite,2019-07-29
C100147423,银食商城,购物比价,河北鑫海煜电子商务有限公司,26.33MB,2.70,2019-07-29,score_0,<10000次,银食商城APP一一新农贸市场引领者,https://appimg.dbankcdn.com/hwmarket/files/application/icon144/d0b5ff90c36d4ca4a4004b331da8389b.png,http://appdlc.hicloud.com/dl/appdl/application/apk/d0/d0b5ff90c36d4ca4a4004b331da8389b/io.dcloud.yinshi_1.1907291351.apk?sign=portal@portal1564386674728&source=portalsite,2019-07-29
C10037249,糖酒快讯,新闻阅读,成都九石电子商务有限公司,22.48MB,6.2.1,2019-07-29,score_10,39万次,*糖酒快讯，糖酒专业资讯平台；行业实时新闻，白酒红酒品牌搜索,https://appimg.dbankcdn.com/hwmarket/files/application/icon144/dd8b337052414d69b6edc9eb53427406.png,http://appdlc.hicloud.com/dl/appdl/application/apk/dd/dd8b337052414d69b6edc9eb53427406/com.tjkx.app.news.1907291010.apk?sign=portal@portal1564386675294&source=portalsite,2019-07-29
C100654119,花忆,购物比价,花忆（深圳）农业科技有限公司,17.31MB,1.2.2,2019-07-29,score_0,<10000次,花忆ilifedata是通过源于荷兰、厄瓜多尔、法国、哥伦比亚、普罗旺斯、昆明等世界著名鲜花产地的祝福带你寻找记忆深处的她。花忆是一款“线上订阅+产地直送+增值服务”的鲜花配送app，直击上游供应商优质货源，从源头做抓起承担“品质与责任”：通过线上系统自荐的为您遗忘的她/他送出一份真挚的爱。,https://appimg.dbankcdn.com/hwmarket/files/application/icon144/d49ab8a6007e42c0b6fac54bc3cff514.png,http://appdlc.hicloud.com/dl/appdl/application/apk/d4/d49ab8a6007e42c0b6fac54bc3cff514/com.huayu.flowerfancy.1907291119.apk?sign=portal@portal1564386675898&source=portalsite,2019-07-29
C100503651,农略,便捷生活,海南阿里农科技有限公司,18.65MB,2.2.5,2019-07-29,score_10,<10000次,农略App,https://appimg.dbankcdn.com/hwmarket/files/application/icon144/cdb7589c0e3345f3bf22e7902ca56c11.png,http://appdlc.hicloud.com/dl/appdl/application/apk/cd/cdb7589c0e3345f3bf22e7902ca56c11/com.alinong.1907291100.apk?sign=portal@portal1564386676474&source=portalsite,2019-07-29
C10590726,北京通e个人,便捷生活,北京京福安科技股份有限公司,24.93MB,3.09,2019-07-29,score_3,11万次,北京通e个人，作为全国首款居家养老服务个人信息化APP，是专为北京通-养老卡持卡人及其家庭提供专属服务的产品。本产品依托养老大数据平台，整合了北京市各项养老服务资源，为老年人提供了一个快速查询养老服务资源的平台。该产品提供了九大增值服务：,https://appimg.dbankcdn.com/hwmarket/files/application/icon144/de410aa49b594e41a7b31059c11a7511.png,http://appdlc.hicloud.com/dl/appdl/application/apk/de/de410aa49b594e41a7b31059c11a7511/com.xingchen.helperpersonal.1907291345.apk?sign=portal@portal1564386677104&source=portalsite,2019-07-29
C100780419,天天头条,新闻阅读,深圳市复容科技有限公司,34.81MB,2.2.2,2019-07-29,score_0,<10000次,天天头条」-,https://appimg.dbankcdn.com/hwmarket/files/application/icon144/d8a95da9048f4311be2e9541f2271988.png,http://appdlc.hicloud.com/dl/appdl/application/apk/d8/d8a95da9048f4311be2e9541f2271988/fcd.daydaynews.1907291140.apk?sign=portal@portal1564386677602&source=portalsite,2019-07-29
C100204045,叭哒,新闻阅读,北京爱奇艺科技有限公司,32.24MB,2.7.5,2019-07-29,score_8,444万次,经典漫画，热门番剧，原著轻小说，叭哒让你一次性全部拥有！,https://appimg.dbankcdn.com/hwmarket/files/application/icon144/d98e90eb6aff4c3f9019c30e2497ad55.png,http://appdlc.hicloud.com/dl/appdl/application/apk/d9/d98e90eb6aff4c3f9019c30e2497ad55/com.iqiyi.acg.1907291052.apk?sign=portal@portal1564386678251&source=portalsite,2019-07-29
C100662361,初中语文,教育,成都宝宝天地科技有限公司,39.24MB,4.0.2,2019-07-29,score_10,8万次,初中语文课堂包含了人教版、苏教版、语文版等版本的教材辅导。软件集成了教材的课文原文，并精心制作了与之相对应的课文朗诵、课文讲解、课文练习等内容。对文言文和古诗词，更是做了重点的讲解。软件既可以用作课前预习，也可以用于课后温习，查漏补缺。,https://appimg.dbankcdn.com/hwmarket/files/application/icon144/cb15bde971684d559b035cadd90e4799.png,http://appdlc.hicloud.com/dl/appdl/application/apk/cb/cb15bde971684d559b035cadd90e4799/com.hhxx.juniorlanguage.1907290849.apk?sign=portal@portal1564386678862&source=portalsite,2019-07-29
C100136515,约球天下,运动健康,上海布浪网络科技有限公司,31.02MB,0.1.99,2019-07-29,score_8,<10000次,得”约球天下”者,https://appimg.dbankcdn.com/hwmarket/files/application/icon144/afa3780f54be4d0da9d1cc23c4ad123b.png,http://appdlc.hicloud.com/dl/appdl/application/apk/af/afa3780f54be4d0da9d1cc23c4ad123b/com.a365691287.zfy.1907291048.apk?sign=portal@portal1564386679441&source=portalsite,2019-07-29
C100673931,蓝血联盟,实用工具,北京蓝血科技有限责任公司,13.47MB,2.4,2019-07-29,score_0,<10000次,蓝血联盟——5G移动创业平台,https://appimg.dbankcdn.com/hwmarket/files/application/icon144/c523e52083ad4834902a77d923868fe8.png,http://appdlc.hicloud.com/dl/appdl/application/apk/c5/c523e52083ad4834902a77d923868fe8/com.jialianmeng.app.1907291054.apk?sign=portal@portal1564386679985&source=portalsite,2019-07-29
C100522451,创业云,便捷生活,呼伦贝尔蓝域信息科技有限公司,26.94MB,1.0.7,2019-07-29,score_0,<10000次,创业云致力于为各类创业服务机构（如：众创空间、孵化器、创业园、产业园、创客咖啡等）提供领先的移动互联网综合管理、服务平台，通过创业云机构管理端、机构应用端、企业管理端、企业应用端、创业云移动端、运营中心系统等一系列核心平台，平台涵盖的核心模块包括：机构管理、公共资源管理、政务云、云路演、直通车、创业帮、就业云、社团组织、项目云、政策云、云培训、知识云、云金融、云众筹、智能云、信息云、商务中心、物业管理、云办公、创业大数据实时可视交互系统。创业云构建了全方位创业服务管理机构与企业服务体系，是移动互联时代企业服务平台的先行者。颠覆传统企业服务模式，创业云凭借核心云端平台、高效运维及开发团队、优质电信级合作商三大优势资源，构建高效的运营服务体系，聚焦“互联网+创业”服务领域，以高新技术打造核心服务平台，连接人，连接端，连接内外，为创业服务管理机构搭建真实高效的企业管理、服务平台。,https://appimg.dbankcdn.com/hwmarket/files/application/icon144/eac1309ed0e440dbb96072b8b6d56d97.png,http://appdlc.hicloud.com/dl/appdl/application/apk/ea/eac1309ed0e440dbb96072b8b6d56d97/com.lanyukj.cyy.1907290922.apk?sign=portal@portal1564386680587&source=portalsite,2019-07-29
C100381989,传道智能,实用工具,沈阳中庸商道软件有限公司,38.93MB,2.4.1,2019-07-29,score_10,<10000次,传道智能APP，基于人工智能的短视频应用。一键生成H5短视频网站，一键分发至各大视频平台营销推广。我希望快速拥有一个短视频店铺，竖版大屏，可以实现么？这个APP就能够实现，等你下载......,https://appimg.dbankcdn.com/hwmarket/files/application/icon144/b86a1a01f553481898a0fda71273a107.png,http://appdlc.hicloud.com/dl/appdl/application/apk/b8/b86a1a01f553481898a0fda71273a107/com.middleshop.cdzn.1907291110.apk?sign=portal@portal1564386681205&source=portalsite,2019-07-29
C10390576,快服务跑腿,便捷生活,北京快服务科技有限公司,22.18MB,6.2.0,2019-07-29,score_10,16万次,同城即时送，60分钟必达,https://appimg.dbankcdn.com/hwmarket/files/application/icon144/d50ef169837c4eb7b20d11c4f1ed007b.png,http://appdlc.hicloud.com/dl/appdl/application/apk/d5/d50ef169837c4eb7b20d11c4f1ed007b/com.bdkj.fastdoor.1907291138.apk?sign=portal@portal1564386681794&source=portalsite,2019-07-29
C10860416,非通在线,教育,世界图书出版广东有限公司,4.63MB,3.0.6,2019-07-29,score_6,<10000次,本应用是一个以提供非通用语（小语种）网络教育课程、教育行业资讯、教育服务、学习资料交流，多语种翻译以及非通用语学习者交流互动为主要内容的大型在线外语教学学习平台，同时也是多语种学习者在线交流互动的网络社区。,https://appimg.dbankcdn.com/hwmarket/files/application/icon144/4effc01620404e7abd36c1b31fa12cbb.png,http://appdlc.hicloud.com/dl/appdl/application/apk/4e/4effc01620404e7abd36c1b31fa12cbb/com.mirageengine.mobile.language.1907251630.apk?sign=portal@portal1564386682405&source=portalsite,2019-07-29
C10567964,观察者,新闻阅读,上海观察者信息技术有限公司,52.98MB,6.0.3,2019-07-29,score_6,208万次,观察者网（www.guancha.cn)携手上海春秋发展战略研究院，旨在为全球华人读者提供集新鲜、热点、深度、趣味于一体的时政资讯。,https://appimg.dbankcdn.com/hwmarket/files/application/icon144/c1549fbc44114cd68a54e43d01f7a846.png,http://appdlc.hicloud.com/dl/appdl/application/apk/c1/c1549fbc44114cd68a54e43d01f7a846/cn.guancha.app.1907291338.apk?sign=portal@portal1564386682988&source=portalsite,2019-07-29
C10774510,未名天日语网校,教育,未名天（北京）教育科技有限公司,16.76MB,3.7.0,2019-07-29,score_10,1万次,【未名天日语网校】,https://appimg.dbankcdn.com/hwmarket/files/application/icon144/b9fc56a14d8e48ad9fe0ddd348b9a5a4.png,http://appdlc.hicloud.com/dl/appdl/application/apk/b9/b9fc56a14d8e48ad9fe0ddd348b9a5a4/com.riyu365.wmt.1907291409.apk?sign=portal@portal1564386683697&source=portalsite,2019-07-29
C10356593,爱问医生诊室,运动健康,爱问医联科技（深圳）有限公司,38.92MB,4.4.0,2019-07-29,score_6,2万次,爱问医生，医生互联网诊室的服务者，致力于打造医生互联网个人品牌。我们拥有微博健康医疗及新浪健康两大平台，通过海量曝光，结合诊室工具，搭配运营指导，帮助医生完善诊室，同时吸引患者及潜在患者。在过程中，提升医生在互联网上的影响力，甚至成长为具有知名度的互联网大V。,https://appimg.dbankcdn.com/hwmarket/files/application/icon144/a8dd4c5ca97e484f9259485913acde25.png,http://appdlc.hicloud.com/dl/appdl/application/apk/a8/a8dd4c5ca97e484f9259485913acde25/com.wenwo.doctor.1907291402.apk?sign=portal@portal1564386684212&source=portalsite,2019-07-29
C100360307,万能钥匙,实用工具,北京触感文化传播有限公司,10.81MB,1.76,2019-07-29,score_6,48万次,万能钥匙-WIFI密码查看是一个方便实用的WiFi管家管理工具，操作简单，可随时随地更新WiFi信息！,https://appimg.dbankcdn.com/hwmarket/files/application/icon144/96386d4963b94a95aa9c56f48cb95f94.png,http://appdlc.hicloud.com/dl/appdl/application/apk/96/96386d4963b94a95aa9c56f48cb95f94/com.wannengyaoshi.hw.1907291018.apk?sign=portal@portal1564386684931&source=portalsite,2019-07-29
C100707557,麦麦语音,社交通讯,广州瀚玩网络科技有限公司,35.07MB,3.5.1,2019-07-29,score_7,<10000次,hello，陌声人，来麦麦交朋友，语音玩游戏！,https://appimg.dbankcdn.com/hwmarket/files/application/icon144/ef90f83c41d04298bb13101120610381.png,http://appdlc.hicloud.com/dl/appdl/application/apk/ef/ef90f83c41d04298bb13101120610381/com.pita.maimai.1907231638.apk?sign=portal@portal1564386685426&source=portalsite,2019-07-29
C100856013,超级外卖,美食,中山市启沃网络科技有限公司,14.23MB,v9_1_1563522648,2019-07-29,score_0,<10000次,超级外卖是由中山市启沃网络科技有限公司开发的互联网外卖+跑腿+本地生活娱乐服务平台项目。是国内领先的O2O服务平台，信托移动互联网及LBS定位服务。超级外卖是基于LBS的互联网订餐+预约平台，是O2O和外卖行业结合的产物。通过互联网集中本地餐饮商家及生活娱乐为一体的服务平台，它联系着消费者和商家，让叫外卖更方便快捷，让想美餐一顿的人有更快更多选择的体验。,https://appimg.dbankcdn.com/hwmarket/files/application/icon144/1a4c8947172941a19965b932da7923e0.png,http://appdlc.hicloud.com/dl/appdl/application/apk/1a/1a4c8947172941a19965b932da7923e0/com.chaojiwaimai.yh.1907231355.apk?sign=portal@portal1564386686088&source=portalsite,2019-07-29
C100269435,喵星抓娃娃机,影音娱乐,常德市创游网络科技有限公司,23.61MB,2.0.8,2019-07-29,score_7,3万次,手机在线抓娃娃，下载即送免费抓3次！,https://appimg.dbankcdn.com/hwmarket/files/application/icon144/cdfdcf9be79344628a8692036bc8bd9b.png,http://appdlc.hicloud.com/dl/appdl/application/apk/cd/cdfdcf9be79344628a8692036bc8bd9b/com.mxzwwj.android.1907271705.apk?sign=portal@portal1564386686571&source=portalsite,2019-07-29
C10262321,拓诊医生版,运动健康,重庆拓诊信息技术有限公司,27.14MB,V2_52,2019-07-29,score_10,<10000次,拓诊医生-医生版是一款专为医务工作者提供集在线诊疗、患者管理、学术交流于一体的医疗移动工作站，以其专业、简洁和实用的功能特点深受医务工作者的喜欢。,https://appimg.dbankcdn.com/hwmarket/files/application/icon144/7ba1cfaf91b0474cae9cedb749085d86.png,http://appdlc.hicloud.com/dl/appdl/application/apk/7b/7ba1cfaf91b0474cae9cedb749085d86/com.tuozhen.doctor.1907291050.apk?sign=portal@portal1564386687671&source=portalsite,2019-07-29
C100302833,TELLO EDU,教育,纬创资通（上海）有限公司,89.19MB,1.4.0,2019-07-29,score_7,1万次,「睿炽科技（RYZE）官方授权App，兼容Tello,https://appimg.dbankcdn.com/hwmarket/files/application/icon144/79ad9c88bfa44d93b6707986fdc4b538.png,http://appdlc.hicloud.com/dl/appdl/application/apk/79/79ad9c88bfa44d93b6707986fdc4b538/com.wistron.telloedu.1907291052.apk?sign=portal@portal1564386688312&source=portalsite,2019-07-29
C100900533,91畅修保,便捷生活,北京启鹏飞扬网络科技发展有限公司,28.13MB,1.4,2019-07-29,score_10,<10000次,91畅修保是互联网维修平台的引领者，互联网维修行业共享维修平台，目前已在全国注册有近三万名经过专业培训的维修师傅，统一维修价格，统一服务，统一标准，安全有保障，时刻牢记不忘初心，时刻走在为业主提高服务品质的道路上！,https://appimg.dbankcdn.com/hwmarket/files/application/icon144/a42ed7bbf3164869a4d7b49b854345b3.png,http://appdlc.hicloud.com/dl/appdl/application/apk/a4/a42ed7bbf3164869a4d7b49b854345b3/com.yc.changxiubao.1907291101.apk?sign=portal@portal1564386688770&source=portalsite,2019-07-29
C100694535,慧伴社,实用工具,北京易社宝信息技术有限公司,10.72MB,2.0.4,2019-07-29,score_10,<10000次,功能介绍：慧伴社是一款一站式代跑腿办理人事服务的软件工具。以人事服务为切入点，为个人和企业提供社保、公积金、个税、工作居住证、外籍人等一些代跑腿代办服务。繁琐人事我来办，轻松生活你来享，慧伴社，真会办人事！,https://appimg.dbankcdn.com/hwmarket/files/application/icon144/76e63ec80983421d9235f75d81ff68c9.png,http://appdlc.hicloud.com/dl/appdl/application/apk/76/76e63ec80983421d9235f75d81ff68c9/io.dcloud.UNIB18B528.1907290950.apk?sign=portal@portal1564386689351&source=portalsite,2019-07-29
C10840751,顺达信鸽,便捷生活,河南顺如达信息科技有限公司,24.32MB,v4.0.8(19072710),2019-07-29,score_10,<10000次,顺达信鸽是一家专业的信鸽咨讯平台，能为广大鸽友提供实时快讯、在线直播、赛事数据分析及智能物联一体化的信息服务平台。方便快捷的效率，以及动态信息的及时更新，让您随时打开APP都能看到想看到的实时咨讯。有多少看多少，手指点一点，就这么简单。,https://appimg.dbankcdn.com/hwmarket/files/application/icon144/886d58e56a864b5bbd67ceb19133ffbe.png,http://appdlc.hicloud.com/dl/appdl/application/apk/88/886d58e56a864b5bbd67ceb19133ffbe/com.hnsd.app.1907291415.apk?sign=portal@portal1564386690013&source=portalsite,2019-07-29
C100699211,爱尚理科通,教育,武汉洛必达科技有限公司,38.35MB,1.1.3,2019-07-29,score_10,<10000次,爱尚理科通是武汉洛必达科技有限公司旗下的知名在线教育品牌，是基于“互联网+”、大数据教研等手段打造的专业理科在线学习平台。,https://appimg.dbankcdn.com/hwmarket/files/application/icon144/708953d25f2f4149bc0251a1f0420c2e.png,http://appdlc.hicloud.com/dl/appdl/application/apk/70/708953d25f2f4149bc0251a1f0420c2e/com.lh.online.client.mstudent.1907291013.apk?sign=portal@portal1564386691264&source=portalsite,2019-07-29
C100510549,首席信才,商务,青岛联创天下人力资源服务有限公司,18.99MB,0.0.18,2019-07-29,score_9,<10000次,首席信才RPO（招聘流程外包）服务是指企业将内部招聘前期的基础流程外包给第三方RPO专业的公司来完成，其核心优势在于降低企业的整体招聘成本。,https://appimg.dbankcdn.com/hwmarket/files/application/icon144/707911d56005466dbb2f7fe9faa41ec4.png,http://appdlc.hicloud.com/dl/appdl/application/apk/70/707911d56005466dbb2f7fe9faa41ec4/com.j499582257.ncn.1907291032.apk?sign=portal@portal1564386691792&source=portalsite,2019-07-29
C10414173,移动彩云,商务,杭州讯盟科技有限公司,66.42MB,6.26.0,2019-07-29,score_6,1319万次,移动彩云，专注为企业解决办公协同、提供一站式企业服务和行业聚合解决方案，助力企业云上办公高效协同，全面开启智慧云办公时代。,https://appimg.dbankcdn.com/hwmarket/files/application/icon144/85af4cf47b9e49b5bfeb7714425b80c3.png,http://appdlc.hicloud.com/dl/appdl/application/apk/85/85af4cf47b9e49b5bfeb7714425b80c3/com.shinemo.qoffice.zjcc.1907291357.apk?sign=portal@portal1564386692363&source=portalsite,2019-07-29
C100052735,熊猫系统,商务,北京小熊美家科技有限公司,40.36MB,3.7.3,2019-07-29,score_10,<10000次,应用简介：我们立志于研发中国家政行业最领先的SaaS工具，,https://appimg.dbankcdn.com/hwmarket/files/application/icon144/6579c91b9f724445a8612b0179040e7d.png,http://appdlc.hicloud.com/dl/appdl/application/apk/65/6579c91b9f724445a8612b0179040e7d/cn.jiazhengye.panda_home.1907291128.apk?sign=portal@portal1564386692968&source=portalsite,2019-07-29
C100317315,谷粒云谷,商务,深圳市谷粒公社云计算有限公司,37.60MB,2.1.3,2019-07-29,score_2,<10000次,谷粒云谷是一个综合的社群应用系统。系统基于成熟的JavaEE技术体系标准；面向服务的可伸缩弹性架构；快捷的即时通讯技术；完善的组织机构权限管理、主数据管理；业务需求构件化开发、业务流程可视化装配；标准模块缺省搭载、通用模块高度可配；代码可视化生成、异构系统无缝集成、部署方案随需应变。,https://appimg.dbankcdn.com/hwmarket/files/application/icon144/6702d0a6a93248f68aee82d47f9f3aa6.png,http://appdlc.hicloud.com/dl/appdl/application/apk/67/6702d0a6a93248f68aee82d47f9f3aa6/com.goodycom.www.1907291020.apk?sign=portal@portal1564386693524&source=portalsite,2019-07-29
C100783923,金诗雨,购物比价,山东诚荣电子商务有限公司,17.49MB,3.7.2,2019-07-29,score_0,<10000次,金诗雨商城，关注全球华人健康，努力让全球华人喝上一杯健康好水。,https://appimg.dbankcdn.com/hwmarket/files/application/icon144/a05621a1289643428d6cad958382cae8.png,http://appdlc.hicloud.com/dl/appdl/application/apk/a0/a05621a1289643428d6cad958382cae8/io.dclouzxk.1907291146.apk?sign=portal@portal1564386694090&source=portalsite,2019-07-29
C100429125,扫吧,实用工具,成都云上视觉科技有限公司,24.57MB,1.5.4,2019-07-29,score_10,<10000次,一款集合AR识别功能，花草识别，在线翻译的多功能实用AR应用软件！,https://appimg.dbankcdn.com/hwmarket/files/application/icon144/76b3a61f736b4bef97ae6f64552462c0.png,http://appdlc.hicloud.com/dl/appdl/application/apk/76/76b3a61f736b4bef97ae6f64552462c0/com.chaosxing.miaotu.1907291222.apk?sign=portal@portal1564386694769&source=portalsite,2019-07-29
C100466853,智小窝(房东版),实用工具,深圳市中证云星智慧物联科技有限公司,23.61MB,2.2.3,2019-07-29,score_10,2万次,智小窝是一款致力于持续为房东、长租公寓运营商、租客提供服务的租住管理SaaS软件。智小窝以智能硬件+租住管理SaaS软件为核心，链接线上线下租住相关服务，解决租住领域各种场景的难点和痛点。,https://appimg.dbankcdn.com/hwmarket/files/application/icon144/944691ebd1f24de3a50b56afb1f241bb.png,http://appdlc.hicloud.com/dl/appdl/application/apk/94/944691ebd1f24de3a50b56afb1f241bb/com.zzyx.zxw.l.1907291112.apk?sign=portal@portal1564386695397&source=portalsite,2019-07-29
C10512795,有布,实用工具,浙江中国轻纺城网络有限公司,24.37MB,1.9.0,2019-07-29,score_9,2万次,有布是全球纺织网旗下面搜布找布找样找面料平台，专为服装设计师和面料采购商设计。所需面料随时拍照，同类花型立刻匹配。更有基于全球纺织网16年行业沉淀，65万实体面料供应商为您在线服务。,https://appimg.dbankcdn.com/hwmarket/files/application/icon144/82798613d2e54ee7bda032dfc0aa9175.png,http://appdlc.hicloud.com/dl/appdl/application/apk/82/82798613d2e54ee7bda032dfc0aa9175/com.qfc.cloth.hi.1907291407.apk?sign=portal@portal1564386695986&source=portalsite,2019-07-29
C100485745,东方尚学,教育,上海东方尚学培训中心有限公司,31.78MB,1.4.2,2019-07-29,score_10,<10000次,【软件介绍】,https://appimg.dbankcdn.com/hwmarket/files/application/icon144/96f2b717ec854b508f26454f334a5d16.png,http://appdlc.hicloud.com/dl/appdl/application/apk/96/96f2b717ec854b508f26454f334a5d16/org.xkedu.online.1907290932.apk?sign=portal@portal1564386696571&source=portalsite,2019-07-29
C100912151,西宁扬尘监测,实用工具,西安多普多信息科技有限公司,20.88MB,2.0.5,2019-07-29,score_10,<10000次,针对西宁市建筑工地空气质量的在线监测软件，主要功能包括：,https://appimg.dbankcdn.com/hwmarket/files/application/icon144/7a3aee70f6464224bbef45f859f46764.png,http://appdlc.hicloud.com/dl/appdl/application/apk/7a/7a3aee70f6464224bbef45f859f46764/com.yunbix.raisedust.1907291022.apk?sign=portal@portal1564386697167&source=portalsite,2019-07-29
C100793581,AIBOX-虚拟机器人,实用工具,深圳欧博思智能科技有限公司,102.90MB,1.7.4,2019-07-29,score_0,<10000次,AIBOX-虚拟机器人是一款家用智能全息投影机器人的辅助应用软件、用户通过该app绑定相应设备后，可针对设备进行远程交互控制。不仅可以进行自我形象重塑、捏脸上传；还可以对室内多种电器进行远程控制；随时随地开启闲聊模式，让您的生活不再无趣。,https://appimg.dbankcdn.com/hwmarket/files/application/icon144/967710775dbe4d4dac3c52eb46beb212.png,http://appdlc.hicloud.com/dl/appdl/application/apk/96/967710775dbe4d4dac3c52eb46beb212/com.project.obex.1907291021.apk?sign=portal@portal1564386697712&source=portalsite,2019-07-29
C100483831,惠买,购物比价,天津世纪星光广告有限公司,14.91MB,4.4.0,2019-07-29,score_10,<10000次,惠买：一款便捷且足够多优惠，能让你体会生命的绚丽多彩，能满足你对精彩生活追求的APP。,https://appimg.dbankcdn.com/hwmarket/files/application/icon144/83509812cc794faeb935bf33bb41cca3.png,http://appdlc.hicloud.com/dl/appdl/application/apk/83/83509812cc794faeb935bf33bb41cca3/com.huimaiwj.ap.1907291059.apk?sign=portal@portal1564386698251&source=portalsite,2019-07-29